IndicatorName,MatchModel_ID,Indicator_ID,File_ID
CO2DirectScope1,Mod_3,Indi_1,F_1
CO2IndirectScope2,Mod_3,Indi_2,F_1
CO2IndirectScope3,Mod_3,Indi_3,F_1
CO2NoEquivalents,Mod_4,Indi_4,F_1
AnalEstiCO2Total,Mod_5,Indi_5,F_1
NOxEmission,Mod_6,Indi_6,F_1
PartiMattEmission,Mod_6,Indi_7,F_1
SOxEmission,Mod_7,Indi_8,F_1
VOCEmission,Mod_7,Indi_9,F_1
AirepollutantIndirect,Mod_8,Indi_10,F_1
AirpollutantDire,Mod_8,Indi_11,F_1
NaturalResourceUseDirect,Mod_8,Indi_12,F_1
ElectricityPurchased,Mod_9,Indi_13,F_1
EnergyPurchasedDirect,Mod_9,Indi_14,F_1
EnergyUseTotal,Mod_9,Indi_15,F_1
RenewEnergyConsumed,Mod_10,Indi_16,F_1
RenewEnergyProduced,Mod_10,Indi_17,F_1
RenewEnergyPurchased,Mod_10,Indi_18,F_1
TranalyticRenewEnergyUse,Mod_10,Indi_19,F_1
HazardWaste,Mod_11,Indi_20,F_1
WasteTotal,Mod_11,Indi_21,F_1
WasterecyclingRatio,Mod_12,Indi_22,F_1
Wasterecycled,Mod_12,Indi_23,F_1
WaterWithdrawlTotal,Mod_13,Indi_24,F_1
WaterUsePaiM,Mod_13,Indi_25,F_1
EcoDesignProduct,Mod_14,Indi_26,F_1
TargetEmissions,Mod_14,Indi_27,F_1
EnvSupplyChainMGT,Mod_14,Indi_28,F_1
PolicyEmissions,Mod_14,Indi_29,F_1
PolicyWaterEfficiency,Mod_14,Indi_30,F_1
WasteReport,Mod_14,Indi_31,F_1
NOxsEmissionReduction,Mod_14,Indi_32,F_1