Reporting Catogory,Category_ID,SubCategory_ID,MatchFra,SubMatchCate
Environmental Risk,Cate_1,,Fra_1,
Environmental Opportunity,Cate_2,,Fra_1,
Social Risk,Cate_3,,Fra_1,
Social Opportunity,Cate_4,,Fra_1,
Governance Risk,Cate_5,,Fra_1,
Governance Opportunity,Cate_6,,Fra_1,
Emission,,SubCate_1,Fra_1,Cate_1
Cost,,SubCate_2,Fra_1,Cate_1
Energy,,SubCate_3,Fra_1,Cate_1
Waste,,SubCate_4,Fra_1,Cate_1
Water,,SubCate_5,Fra_1,Cate_1
Policy,,SubCate_6,Fra_1,Cate_1
Environmental Risk,Cate_1,,Fra_2,
Environmental Opportunity,Cate_2,,Fra_2,
Social Risk,Cate_3,,Fra_2,
Social Opportunity,Cate_4,,Fra_2,
Governance Risk,Cate_5,,Fra_2,
Governance Opportunity,Cate_6,,Fra_2,