MetricName,Financial Materiality,MatchCate,MatchSubCate,Metric_ID,ComputingModel
EnvironmentalRiskMetric1(ERM 1),Yes,Cate_1,,Me_1,Mod_1
EnvironmentalRiskMetric2(ERM 2),Yes,Cate_1,,Me_2,Mod_2
CarbonEmissionMetric1,Yes,Cate_1,SubCate_1,Me_3,Mod_3
CarbonEmissionMetric2,Yes,Cate_1,SubCate_1,Me_4,Mod_4
CarbonEmissionMetric3,Yes,Cate_1,SubCate_1,Me_5,Mod_5
OtherGHGEmissionMetric1,Yes,Cate_1,SubCate_1,Me_6,Mod_6
OtherGHGEmissionMetric2,Yes,Cate_1,SubCate_1,Me_7,Mod_7
CostM,Yes,Cate_1,SubCate_2,Me_8,Mod_8
EnergyM1,Yes,Cate_1,SubCate_3,Me_9,Mod_9
EnergyM2,Yes,Cate_1,SubCate_3,Me_10,Mod_10
WasteM1,Yes,Cate_1,SubCate_4,Me_11,Mod_11
WasteM2,Yes,Cate_1,SubCate_4,Me_12,Mod_12
WaterM,Yes,Cate_1,SubCate_5,Me_13,Mod_13
PolicyM,Yes,Cate_1,SubCate_6,Me_14,Mod_14