Framework,Typical Users,Website,Disclosure Practices,Key Stakeholders,Framework_ID
IFRS S1 and S2,Corporations and Investors,www.ifrs.org,Financial filings and reports to stock exchanges,Global stock exchanges and  Investors,Fra_1
TCFD,Financial firms and Corporations with climate-related risks,www.fsb-tcfd.org,Investor reporting within financial filings,Investors and  Regulatory bodies,Fra_2
GRI, Multinational corporations,www.globalreporting.org,Stakeholder reporting in annual sustainability reports,Public and Stakeholders,Fra_3
SASB,Publicly listed companies and Investors,www.sasb.org,Investor communications and sustainability reports,Investors,Fra_4
CDP,Companies and Cities,www.cdp.net,Disclosure to investors and customers and policymakers,Investors and  Policymakers,Fra_5
IIRC,Public companies and Organizations seeking integrated reporting,integratedreporting.org,Integrated reporting in annual reports,Stakeholders and General public,Fra_6
APRA,Financial institutions and Insurers and Superannuation trustees,www.apra.gov.au,Regulatory reporting to APRA,Regulatory authority,Fra_7