FileName,File_ID,Indicator_ID,DataSource_ID
ClarityAI,F_1,Indi_1,DS_1
ClarityAI,F_1,Indi_2,DS_1
ClarityAI,F_1,Indi_3,DS_1
ClarityAI,F_1,Indi_4,DS_1
ClarityAI,F_1,Indi_5,DS_1
ClarityAI,F_1,Indi_6,DS_1
ClarityAI,F_1,Indi_7,DS_1
ClarityAI,F_1,Indi_8,DS_1
ClarityAI,F_1,Indi_9,DS_1
ClarityAI,F_1,Indi_10,DS_1
ClarityAI,F_1,Indi_11,DS_1
ClarityAI,F_1,Indi_12,DS_1
ClarityAI,F_1,Indi_13,DS_1
ClarityAI,F_1,Indi_14,DS_1
ClarityAI,F_1,Indi_15,DS_1
ClarityAI,F_1,Indi_16,DS_1
ClarityAI,F_1,Indi_17,DS_1
ClarityAI,F_1,Indi_18,DS_1
ClarityAI,F_1,Indi_19,DS_1
ClarityAI,F_1,Indi_20,DS_1
ClarityAI,F_1,Indi_21,DS_1
ClarityAI,F_1,Indi_22,DS_1
ClarityAI,F_1,Indi_23,DS_1
ClarityAI,F_1,Indi_24,DS_1
ClarityAI,F_1,Indi_25,DS_1
ClarityAI,F_1,Indi_26,DS_1
ClarityAI,F_1,Indi_27,DS_1
ClarityAI,F_1,Indi_28,DS_1
ClarityAI,F_1,Indi_29,DS_1
ClarityAI,F_1,Indi_30,DS_1
ClarityAI,F_1,Indi_31,DS_1
ClarityAI,F_1,Indi_32,DS_1