Model_ID,IndependentVar,DependentVar,Model Name
Mod_1,Me_1,,
Mod_1,Me_2,,
Mod_1,,Me_3,ERM1 Model
Mod_1,,Me_4,ERM1 Model
Mod_1,,Me_5,ERM1 Model
Mod_1,,Me_6,ERM1 Model
Mod_1,,Me_7,ERM1 Model
Mod_1,,Me_8,ERM1 Model
Mod_1,,Me_9,ERM1 Model
Mod_3,Me_3,,CarbonEmi Model 1
Mod_3,,Indi_1,CarbonEmi Model 1
Mod_3,,Indi_2,CarbonEmi Model 1
Mod_3,,Indi_3,CarbonEmi Model 1
Mod_4,Me_ 4,,CarbonEmi Model 2
Mod_4,,Indi_4,CarbonEmi Model 2
Mod_5,Me_5,,CarbonEmi Model 3
Mod_5,,Indi_5,CarbonEmi Model 3
Mod_6,Me_6,,OtherGHGEmiModel 1
Mod_6,,Indi_6,OtherGHGEmiModel 1
Mod_6,,Indi_7,OtherGHGEmiModel 1
Mod_7,Me_7,,OtherGHGEmiModel 2
Mod_7,,Indi_8,OtherGHGEmiModel 2
Mod_7,,Indi_9,OtherGHGEmiModel 2
Mod_8,Me_8,,CostModel
Mod_8,,Indi_10,CostModel
Mod_8,,Indi_11,CostModel
Mod_8,,Indi_12,CostModel
Mod_9,Me_9,,EnergyModel 1
Mod_9,,Indi_13,EnergyModel 1
Mod_9,,Indi_14,EnergyModel 1
Mod_9,,Indi_15,EnergyModel 1
Mod_10,Me_10,,EnergyModel 2
Mod_10,,Indi_16,EnergyModel 2
Mod_10,,Indi_17,EnergyModel 2
Mod_10,,Indi_18,EnergyModel 2
Mod_10,,Indi_19,EnergyModel 2
Mod_11,Me_11,,WasteModel 1
Mod_11,,Indi_20,WasteModel 1
Mod_11,,Indi_21,WasteModel 1
Mod_12,Me_12,,WasteModel 2
Mod_12,,Indi_22,WasteModel 2
Mod_12,,Indi_23,WasteModel 2
Mod_13,Me_13,,WaterModel 
Mod_13,,Indi_24,WaterModel 
Mod_13,,Indi_25,WaterModel 
Mod_14,Me_14,,PolicyModel
Mod_14,,Indi_26,PolicyModel
Mod_14,,Indi_27,PolicyModel
Mod_14,,Indi_28,PolicyModel
Mod_14,,Indi_29,PolicyModel
Mod_14,,Indi_30,PolicyModel
Mod_14,,Indi_31,PolicyModel
Mod_14,,Indi_32,PolicyModel